TimeStamp;Open;High;Low;Close;Volumen (BTC);Volumen(USD);Weighted Price;Simple Moving Average (10);Simple Moving Average(30);Simple Moving Average(3)
12.05.2015;241.3;242;237.54;241.03;8418.72;2022709.59;240.26;#N/A;#N/A;#N/A
13.05.2015;241.03;244.14;235.06;235.97;9332.47;2246344.49;240.7;#N/A;#N/A;#N/A
14.05.2015;235.97;239.7;232.22;237.13;7530.5;1782947.51;236.76;#N/A;#N/A;239.24
15.05.2015;237.12;239.28;235.12;237.37;4536.93;1076186.77;237.21;#N/A;#N/A;238.2233333
16.05.2015;237.39;237.4;234;235.66;3116.79;735534.15;235.99;#N/A;#N/A;236.6533333
17.05.2015;235.43;237;234.15;235.97;2645.16;624187.82;235.97;#N/A;#N/A;236.39
18.05.2015;235.69;236.94;231.44;232.87;7443.22;1749933.81;235.1;#N/A;#N/A;235.6866667
19.05.2015;233.03;234.24;230.86;231.4;5568.28;1295513.42;232.66;#N/A;#N/A;234.5766667
20.05.2015;231.4;234.86;231;234.43;7823.36;1827504.32;233.6;#N/A;#N/A;233.7866667
21.05.2015;234.4;236.52;233.75;235;4609.28;1084562.78;235.3;236.355;#N/A;233.8533333
22.05.2015;235;240.9;232.92;238.99;10451.8;2474671.24;236.77;236.006;#N/A;235.2233333
23.05.2015;238.8;240.67;237.4;237.76;3216.28;769659.7;239.3;235.866;#N/A;237.1233333
24.05.2015;237.87;241.64;237.66;239.22;2921.55;700689.78;239.84;236.174;#N/A;238.6366667
25.05.2015;239.69;240.1;233.1;235.59;5625.09;1329127.79;236.29;236.082;#N/A;238.4766667
26.05.2015;235.72;237.96;234;235.71;8590.08;2027436.08;236.02;236.085;#N/A;237.3833333
27.05.2015;235.71;237.35;234;235.17;8572.87;2020077.91;235.64;236.052;#N/A;235.9833333
28.05.2015;235.32;236.8;234.87;236.46;5005.98;1181332.16;235.98;236.14;#N/A;235.88
29.05.2015;236.46;236.52;234;236.03;6165.89;1451969.31;235.48;236.422;#N/A;235.7
30.05.2015;236.03;236.03;231;232.11;4245.94;989461.16;233.04;236.366;#N/A;234.8333333
31.05.2015;232.11;232.51;228;228.91;4372.21;1009782.37;230.95;235.931;#N/A;233.1566667
01.06.2015;228.91;231.2;220.65;223.51;12184.96;2745533.83;225.32;234.786;#N/A;229.77
02.06.2015;223.5;226.38;221.34;225.18;7744.88;1732996.27;223.76;233.232;#N/A;226.6766667
03.06.2015;225.17;226.99;222.57;224.27;5815.57;1308939.39;225.07;231.755;#N/A;224.7166667
04.06.2015;224.8;225.98;222;222.99;4822.41;1082749.64;224.52;230.578;#N/A;224.45
05.06.2015;222.99;225.9;219.03;224.4;8396.71;1874523.31;223.24;229.3;#N/A;224.2766667
06.06.2015;224.4;225.26;223.07;224.99;2772.33;622174.42;224.42;228.178;#N/A;224.06
07.06.2015;224.95;225.48;221.86;222.7;3324.38;744455.84;223.94;226.974;#N/A;223.8666667
08.06.2015;222.65;229.4;222.31;228.17;8986.87;2030845.81;225.98;226.024;#N/A;224.78
09.06.2015;228.05;230.79;226.67;228.7;9129.71;2092426.03;229.19;225.639;#N/A;226.37
10.06.2015;228.7;229.75;226.83;227.8;6284.74;1434862.91;228.31;225.375;232.5536667;227.8266667
11.06.2015;227.88;229.57;227.25;229.03;4727.31;1081972.66;228.88;225.731;232.1743333;228.7933333
12.06.2015;229.14;230.7;228.29;229.4;5887.15;1352496.72;229.74;226.329;231.809;228.9766667
13.06.2015;229.3;232.04;228.06;231.64;4009.8;924578.6;230.58;226.88;231.603;229.7333333
14.06.2015;231.64;234;230.94;232.09;3586.28;832952.91;232.26;227.654;231.438;230.86
15.06.2015;232.08;237.09;231.55;235.92;10505.58;2463163.92;234.46;228.776;231.387;232.4333333
16.06.2015;236;252.05;234.35;250.09;17954.59;4361600.09;242.92;230.626;231.6186667;236.5466667
17.06.2015;250.02;257.39;243.2;247.76;16951.14;4243214.1;250.32;233.264;232.126;242.5666667
18.06.2015;247.76;251.58;240;248.4;11145.13;2746848.96;246.46;235.312;232.586;246.5666667
19.06.2015;248.45;249.93;242.14;243.7;6783.07;1670444.75;246.27;237.02;233.0083333;247.6833333
20.06.2015;243.75;245.56;239.93;244.76;4434.69;1075370.59;242.49;238.438;233.248;245.0733333
21.06.2015;244.65;245;241.06;243.64;1946.29;473260.91;243.16;239.866;233.461;243.9733333
22.06.2015;243.6;247.99;242.64;246;5149.76;1263921.54;245.43;241.435;233.6653333;243.6933333
23.06.2015;245.99;247.25;242.14;243.74;4953.9;1210524.77;244.36;242.813;233.816;244.3166667
24.06.2015;243.85;243.99;238.2;240.19;6723.31;1621933.96;241.24;243.711;233.981;243.6766667
25.06.2015;240.19;242.9;239.18;241.98;5002.93;1207599.94;241.38;244.403;234.1596667;242.3266667
26.06.2015;242.08;243.44;240;242.98;5271.85;1274423.23;241.74;244.285;234.363;241.4533333
27.06.2015;242.98;252;242.36;251.21;7101.1;1756891.09;247.41;243.994;234.744;243.51
28.06.2015;251.28;251.28;247.04;248.62;6104.31;1521893.45;249.31;244.279;235.205;246.1533333
29.06.2015;248.63;256.94;248.3;256.04;15393.1;3906641.81;253.79;245.031;235.8966667;250.17
30.06.2015;256.04;268;255;262.5;19902.44;5222157.27;262.39;247.021;236.9446667;255.1633333
01.07.2015;262.58;265.25;253.81;257.62;13395.15;3453025.86;257.78;248.483;238.0266667;257.9866667
02.07.2015;257.62;260.77;253.19;254.54;9826.99;2515778.51;256.01;249.541;239.1016667;258.7266667
03.07.2015;254.49;256.44;252.4;255.92;9153.85;2331332;254.68;250.573;240.0886667;256.1566667
04.07.2015;256.06;261.28;254.05;260.2;7909.86;2037201.25;257.55;252.204;241.1896667;256.08
05.07.2015;260.16;274.74;258.75;271.5;21362.61;5689203.06;266.32;254.698;242.6256667;259.5166667
06.07.2015;271.39;278.54;267.13;268.51;20027.86;5473288.27;273.28;257.852;244.2543333;265.7166667
07.07.2015;268.53;271.69;264.01;265.51;13755.63;3670683.41;266.85;259.796;245.6846667;268.8166667
08.07.2015;265.67;273.24;263.01;270.63;16042.27;4305219.36;268.37;261.702;247.0976667;269.5
09.07.2015;270.41;271.98;265.92;268.92;13906.64;3744064.73;269.23;263.246;248.4323333;268.15
10.07.2015;268.98;294.71;268.63;285.23;29151.31;8292731.4;284.47;265.454;250.3043333;274.0233333
11.07.2015;284.63;298.05;283.88;291.64;11693.22;3420769.32;292.54;268.93;252.4263333;282.08
12.07.2015;291.65;317.99;291.65;310.55;22497.47;6901059.79;306.75;274.004;254.9933333;294.5866667
13.07.2015;310.55;310.73;281;292.68;29775.98;8680289.61;291.52;277.688;257.0246667;296.9366667
14.07.2015;292.54;297.13;286.02;287.55;10361.08;3016087.55;291.1;281.043;258.986;296.4566667
15.07.2015;287.49;293.7;284.29;285.67;9798.38;2842900.81;290.14;283.425;260.842;290.92
16.07.2015;285.67;292.4;274.92;277.89;21103.34;5937851.73;281.37;284.234;262.1236667;287.5366667
17.07.2015;277.74;280.73;272.31;279.43;11477.06;3175870.23;276.71;285.22;263.0033333;282.74
18.07.2015;279.15;283;276.73;276.79;9362.08;2609994.79;278.78;286.261;264.0806667;278.9533333
19.07.2015;276.74;278.1;275.01;275.47;5289.04;1460235.91;276.09;286.947;265.0746667;277.1933333
20.07.2015;275.08;279.35;274.62;278.96;8818.53;2446038.23;277.37;286.237;266.2373333;277.4133333
21.07.2015;278.95;281.07;276.28;276.76;9000.55;2511729.88;279.06;284.889;267.434;277.5066667
22.07.2015;276.49;277.97;275;277.68;8318.46;2300120.88;276.51;281.865;268.47;277.6466667
23.07.2015;277.5;278.55;275.79;276.61;6439.61;1784595.61;277.13;280.426;269.5623333;277.5666667
24.07.2015;276.61;290.53;275.9;289.01;15854.1;4513273.28;284.68;279.784;271.0103333;279.44
25.07.2015;289;292;286.5;288.78;7545.89;2181492.67;289.1;279.68;272.601;283.6366667
26.07.2015;288.97;294;287.41;293.19;5298.47;1545190.05;291.63;280.706;274.264;288.47
27.07.2015;292.85;297.44;286.43;294.29;14650.73;4276819.04;291.92;282.227;275.7476667;290.8833333
28.07.2015;294.03;297;292.19;294.01;8799.04;2592630.37;294.65;283.814;277.259;292.7333333
29.07.2015;294.01;294.57;287.27;289.85;10236.16;2975568.87;290.69;285.274;278.489;292.42
30.07.2015;289.85;290.08;284.53;288.01;8108.62;2333060.22;287.73;286.31;279.3336667;291.0233333
31.07.2015;288.29;289;281.8;284.33;7902.77;2245587.53;284.15;286.819;280.2126667;287.5233333
01.08.2015;284.69;285.16;276.66;280.19;7104.07;1992192.81;280.43;287.211;281.0266667;284.1033333
02.08.2015;280.19;282.9;276.57;282.32;4530.18;1265880.68;279.43;287.441;281.8516667;281.3366667
03.08.2015;282.53;285.8;279.52;280.43;6310.61;1786928.27;283.16;287.289;282.7053333;281.0066667
04.08.2015;280.43;285.88;280.43;285;6206.12;1760746.6;283.71;286.75;283.285;282.1
05.08.2015;284.91;285.86;280.63;281.13;6549.55;1850415.94;282.53;285.84;283.5933333;283.1333333
06.08.2015;281.13;281.65;276.6;277.48;7123.81;1985840.19;278.76;284.524;283.9903333;281.6666667
07.08.2015;277.48;280.43;274.19;279.63;8664.81;2403686.81;277.41;282.8;284.2916667;279.5666667
08.08.2015;279.94;279.97;260.41;262.19;10269.87;2777400.01;270.44;280.775;284.332;275.5366667
09.08.2015;262.19;268.95;261.01;265.05;8870.58;2343259.51;264.16;278.418;283.655;270.67
10.08.2015;265.05;266.79;261.6;264.33;9697.42;2562673.47;264.26;276.429;282.7123333;266.2866667
11.08.2015;264.11;271.5;264.07;271.15;8394.12;2235123.97;266.27;275.013;281.363;264.8966667
12.08.2015;271.15;271.16;265.71;267.73;9520.31;2552596.78;268.12;273.882;280.583;266.2166667
13.08.2015;267.53;267.88;262.32;264.48;10710.97;2839488.04;265.1;272.076;279.7163333;266.4966667
14.08.2015;264.74;266.99;262;265.4;8012.6;2121755.48;264.8;270.185;278.8716667;266.0066667
15.08.2015;265.57;266.5;260.45;261.46;5485.63;1450606.74;264.44;268.376;278.3073333;264.78
16.08.2015;261.46;262.2;254.01;256.11;9633.28;2480559.46;257.5;266.25;277.667;262.2466667
17.08.2015;256.11;259.12;254.63;256.47;8655.19;2224063.1;256.96;264.205;276.9396667;259.6333333
18.08.2015;256.66;256.99;221.11;224.8;16141.82;3992017.85;247.31;261.892;275.9803333;253.9233333
19.08.2015;224;237.66;222.01;226.92;24295.07;5617682.67;231.23;258.599;274.4423333;245.1666667
20.08.2015;226.4;236.66;226.4;235.54;15812.33;3691074.43;233.43;255.516;272.9213333;237.3233333
21.08.2015;235.15;236.66;231.77;233.49;10296.32;2406953.01;233.77;252.266;271.4966667;232.81
22.08.2015;233.5;235.2;223.01;231;15856.25;3633435.05;229.15;248.369;269.8973333;232.1166667
23.08.2015;231;234.03;225.85;228.89;12842.47;2948508.07;229.59;244.818;268.061;230.8366667
24.08.2015;228.35;228.99;207.73;209.72;37523.08;8154700.2;217.32;240.07;265.6683333;225.3533333
25.08.2015;209.76;228.04;198.12;222.38;42308.01;9091324.5;214.88;235.114;263.11;220.5966667
26.08.2015;222.38;231.09;219.77;225.8;24007.6;5434957.38;226.38;232.002;260.9253333;219.5266667
27.08.2015;225.8;228.89;223.17;225.09;14366.26;3249912.03;226.22;228.928;258.6443333;222.4933333
28.08.2015;225.09;235.93;220.29;231.65;22900.19;5241943.61;228.9;227.087;256.5846667;227.1666667
29.08.2015;231.76;233.9;226.67;230.54;15490.56;3565617.59;230.18;226.982;254.6663333;228.4333333
30.08.2015;230.41;232.75;225.04;229;15486.36;3532995.3;228.14;226.453;252.7993333;229.0733333
31.08.2015;229.04;232.49;224.39;229.86;15803.52;3616802.14;228.86;225.962;251.0803333;229.06
01.09.2015;230.25;231.67;226.17;227.96;23925.19;5460038.14;228.21;225.868;249.373;228.4033333
02.09.2015;227.97;230.77;226;229.18;21470.77;4909260.74;228.65;225.774;247.556;228.5733333
03.09.2015;228.95;229.96;226.5;227.28;19739.63;4494648.76;227.7;226.812;245.689;228.1866667
04.09.2015;227.24;231.4;226.33;230.52;20870.02;4786524.88;229.35;228.259;243.9163333;228.5666667
05.09.2015;230.72;237.22;229.23;235.6;20103.04;4692704.3;233.43;228.964;242.4053333;230.16
06.09.2015;235.39;244.2;235.02;240.28;25758.89;6192929.55;240.42;230.384;241.1723333;234.4
07.09.2015;240.28;242.91;238.44;240.19;23152.03;5567107.97;240.46;231.54;240.173;238.1033333
08.09.2015;240.07;246.24;239.98;244.21;24023.88;5854496.86;243.69;232.891;239.4906667;241.5233333
09.09.2015;244.04;244.22;237.01;238.35;23251.87;5579259.42;239.95;234.072;238.6803333;241.3666667
10.09.2015;238.35;241.65;234.78;238.66;20694.92;4949167.98;239.15;235.101;237.7763333;240.93
11.09.2015;238.57;240.94;237.5;240;13805.18;3309006.87;239.69;236.249;236.8286667;239.5966667
12.09.2015;239.92;240;233.02;234.79;17449.12;4143757.66;237.48;237.132;235.908;238.7733333
13.09.2015;234.79;236.09;228;229.66;19655.12;4546007.73;231.29;237.491;234.791;236.1533333
14.09.2015;229.66;232.92;223.99;229.71;16674.86;3827895.68;229.56;237.512;233.6283333;232.7766667
15.09.2015;229.84;231.21;226.5;230.03;17298.61;3976679.57;229.88;237.157;232.7076667;230.2433333
16.09.2015;229.99;230.5;223;228.34;18169.46;4135855.71;227.63;235.878;231.73;229.0233333
17.09.2015;228.34;235;227;232.17;14645.74;3380034.36;230.79;234.911;231.1793333;229.4333333
18.09.2015;232.2;234.4;230.83;233.12;19458.9;4535082.43;233.06;233.848;231.2403333;230.4933333
19.09.2015;233.24;233.76;229.89;230;11230.76;2601612.8;231.65;233.018;231.181;231.8333333
20.09.2015;230;231.7;229;230.16;13401.14;3087488.55;230.39;232.142;231.0683333;231.7
21.09.2015;230.1;230.15;225;226.15;14081.31;3196957.23;227.04;230.877;230.998;229.6933333
22.09.2015;226.15;231.96;223.12;230.42;19332.88;4412739.07;228.25;229.954;230.9533333;228.56
23.09.2015;230.08;231.5;228;229.42;13586.09;3126033.69;230.09;229.834;231.379;228.46
24.09.2015;229.42;235.52;228.89;233.86;24202.74;5608546.02;231.73;230.051;231.9406667;230.0233333
25.09.2015;233.88;237.25;232.56;235.22;22555.45;5304812.21;235.19;230.582;232.2343333;232.3366667
26.09.2015;235.14;235.67;233;233.81;15109.42;3540710.51;234.34;231.253;232.505;233.7533333
27.09.2015;233.81;234.61;231.16;232.41;17506.45;4071220.18;232.56;231.43;232.627;234.03
28.09.2015;232.4;239.68;231.69;239.14;17566.83;4169714.96;237.36;231.86;232.8663333;234.7533333
29.09.2015;239.14;240.56;235.09;236.94;19877.45;4723484.69;237.63;232.458;233.1826667;235.85
30.09.2015;236.78;238.27;234.67;236.2;20934.85;4947383.3;236.32;233.051;233.4313333;237.1033333
01.10.2015;235.87;239.44;235.01;237.15;20341.01;4823180.2;237.12;234.059;233.7283333;237.0233333
02.10.2015;238;239.06;235;237.77;16908.03;4015993.34;237.52;234.986;234.024;236.9866667
03.10.2015;237.77;239.86;236.3;238.95;17825.62;4247863.44;238.3;235.807;234.3773333;237.6466667
04.10.2015;239.06;239.98;237.62;238.6;15015.07;3587379.78;238.92;236.526;234.6963333;238.2466667
05.10.2015;238.6;240.85;236.1;240.84;20316.5;4840156.01;238.24;236.831;234.8566667;238.4866667
06.10.2015;240.85;248.19;239.52;246.57;26684.25;6485292.24;243.04;237.701;234.944;240.0666667
07.10.2015;246.79;247.65;242.3;243.2;23768.2;5823652.61;245.02;238.947;235.096;242.1
08.10.2015;243.47;244.76;242.06;242.9;13983.75;3407661.33;243.69;239.58;235.096;243.9166667
09.10.2015;243.29;244.95;242.16;244.48;14099.92;3433311.67;243.5;240.167;235.2143333;244.07
10.10.2015;244.49;246.43;243;245.71;17313.14;4239440.73;244.87;241.022;235.405;244.02
11.10.2015;245.71;248.5;244.53;248.05;19140.36;4731236.29;247.19;242.029;235.655;245.1866667
12.10.2015;248.05;248.47;245.01;245.81;10671.7;2633713.48;246.79;242.956;235.9653333;246.2833333
13.10.2015;245.81;250.89;242.82;249.73;25901.6;6380494.84;246.34;243.76;236.467;246.7733333
14.10.2015;249.97;255.93;248.06;252.47;26942.87;6753537.33;250.66;244.934;237.1703333;247.93
15.10.2015;252.47;256.5;250.3;254.49;22037.63;5614843.82;254.78;246.588;238.0003333;250.5933333
16.10.2015;254.49;267;253.69;263.09;34816.74;9087466.92;261.01;248.385;239.113;255.4833333
17.10.2015;263.09;273;260.8;270.07;25328.15;6801861.48;268.55;250.738;240.3716667;261.4466667
18.10.2015;270.04;271.17;260;261.05;10003.13;2644951.59;264.41;252.81;241.4166667;264.6566667
19.10.2015;260.99;266.01;259.82;263.66;16704.7;4381700.26;262.3;254.69;242.4383333;265.0866667
20.10.2015;264.28;272.95;262.67;270.64;28967.44;7721192.76;266.55;256.858;243.6436667;264.42
21.10.2015;270.3;272.69;264;267.89;20396.78;5479672.38;268.65;259.004;245.0306667;265.8333333
22.10.2015;267.9;280.04;267.39;275.21;30166.43;8260174.53;273.82;261.707;246.5496667;269.6733333
23.10.2015;275.21;280.19;273.46;278.6;21572.27;5984624.45;277.42;264.815;248.1273333;273.2966667
24.10.2015;278.6;284;278.22;282.84;20586.34;5767325.87;280.15;267.764;249.7413333;277.13
25.10.2015;283.03;296;282.2;283.96;30003.59;8680118.09;289.3;271.216;251.545;282.29
26.10.2015;283.96;286.99;279.25;286.9;21266.47;6035103.1;283.78;273.493;253.193;284.41
27.10.2015;286.9;300;286.15;295.54;34002.15;9964151.03;293.04;275.942;255.209;288.7066667
28.10.2015;295.8;308.48;294.4;305.67;31263.17;9436170.14;301.83;279.684;257.358;292.8833333
29.10.2015;305.67;319.6;301.7;314.82;32258.31;10020832.76;310.64;284.518;259.7916667;301.8366667
30.10.2015;314.95;334.05;313.5;328.65;39364.03;12770329.06;324.42;290.305;262.7283333;312.2966667
31.10.2015;328.28;334.67;302.99;310.18;28765.18;9150844.32;318.12;295.252;265.4283333;317.7266667
01.11.2015;310.9;329.85;303.01;325.78;14281.55;4520744.07;316.54;299.524;268.0623333;319.6933333
02.11.2015;325.78;369.02;320;361.26;45146.5;15705858.69;347.89;306.571;271.7153333;327.5166667
03.11.2015;361.73;420.77;360.4;404.06;77212.78;30053087.83;389.22;317.478;276.7253333;351.2166667
04.11.2015;404.55;502;368.11;408;105959.26;47199586.92;445.45;333.093;283.6323333;394.1866667
05.11.2015;407.99;448.79;364.37;385.5;60174.71;24185444.13;401.92;344.907;288.9283333;412.1966667
06.11.2015;387.77;396.67;353.26;374.47;46952.54;17530874.22;373.37;352.94;293.2066667;406.9133333
07.11.2015;374.41;392.82;371.07;383.53;26348.6;10103834.21;383.47;361.104;297.866;386.2533333
08.11.2015;383.62;390.47;366.18;372.65;27445.02;10459784;381.12;368.152;302.4533333;379.32
09.11.2015;372.86;386.79;360.54;377.9;25934.97;9765480.26;376.54;373.364;306.8423333;380.3766667
10.11.2015;378.02;381.44;323.63;336.8;48890.6;17451749;356.96;377.248;310.5013333;371.54
11.11.2015;335.02;341.41;294;309.91;51510.31;16138605.49;313.31;376.925;312.7186667;348.9366667
12.11.2015;309.95;344.78;308.42;337.17;37744.45;12327089.43;326.59;374.795;315.3936667;332.2866667
13.11.2015;337;342;325;336.99;24663.47;8239048.11;334.06;369.279;318.1736667;324.6533333
14.11.2015;336.98;356.1;325.45;333;25628.38;8596759.49;335.44;358.278;320.8623333;332.03
15.11.2015;332.95;334.99;314.6;319.28;27643.56;8952296.3;323.85;350.471;322.957;331.1166667
16.11.2015;319.29;332.25;315;330.83;22243.82;7220301.63;324.6;345.594;324.8253333;327.9633333
17.11.2015;330.82;350.44;329;336.08;27718.68;9324687.16;336.4;340.887;327.225;328.2833333
18.11.2015;336;337.89;330.28;335.65;27252.1;9115915.94;334.5;336.225;329.6316667;331.8333333
19.11.2015;335.68;336.48;324.92;326.02;26919.52;8937135.62;331.99;331.77;331.813;334.2966667
20.11.2015;326.51;327.73;310;322.04;21303.64;6794004.85;318.91;327.965;333.4883333;328.4666667
21.11.2015;322.04;328.94;318.52;326.5;5129.35;1666609.82;324.92;329.126;335.1916667;325.2733333
22.11.2015;326.5;326.6;320.13;324.2;4062.21;1312398.6;323.07;328.774;336.7133333;322.3
23.11.2015;324.2;326.09;320.39;323.48;5101.56;1649850.44;323.4;327.708;338.155;323.7966667
24.11.2015;323.48;323.5;317;319.7;8649.02;2774792.55;320.82;326.246;339.2056667;322.43
25.11.2015;319.7;330.84;316;328.9;12253.76;3964830.34;323.56;326.217;340.5316667;322.5933333
26.11.2015;328.9;369.7;328.53;353.21;35986.16;12574100.16;349.41;328.698;342.4106667;331.2633333
27.11.2015;353.9;364.8;347.84;357.14;13276.83;4753695.23;358.04;330.862;344.2843333;343.67
28.11.2015;357.42;359.44;350.41;356.95;6275.37;2225597.7;354.66;332.878;345.7516667;354.0366667
29.11.2015;356.78;373.15;354.45;371.48;7817.18;2854062.8;365.1;336.189;347.1076667;359.2666667
30.11.2015;371.2;383;367.11;376.71;18097.95;6809125.6;376.24;341.922;349.045;365.3333333
01.12.2015;376.7;379;354.56;363.06;15410.28;5617537.15;364.53;345.883;350.6446667;368.6233333
02.12.2015;362.7;362.84;348.64;358.89;12343.41;4390062.73;355.66;349.142;350.9036667;365.4766667
03.12.2015;359.11;370.53;356.21;361.42;12190.88;4423950.84;362.89;353.091;350.026;361.0266667
04.12.2015;361.48;364.3;355.92;363.62;9989.28;3596927.2;360.08;357.017;347.1803333;359.5433333
05.12.2015;363.62;389.89;363;388;16784.13;6338715.4;377.66;362.427;346.3716667;366.8766667
06.12.2015;388;399.85;383;388.24;14679.44;5754540.49;392.01;366.687;346.993;376.5833333
07.12.2015;388.54;399.91;381.01;395.57;14949.59;5868357.22;392.54;370.137;347.2953333;387.4033333
08.12.2015;395.57;418.87;388.33;417.89;11455.14;4567280.01;398.71;374.542;347.8816667;394.42
09.12.2015;416.67;424.95;400;416.98;21039.91;8726381.89;414.75;379.507;349.1553333;402
10.12.2015;416.69;419.79;408.91;415.57;8463.88;3514699.25;415.26;383.409;351.0986667;409.5733333
11.12.2015;415.57;454.48;415.13;453.04;29020.2;12715568.6;438.16;390.772;355.2603333;422.7233333
12.12.2015;453.12;467.8;403;436.19;29770.28;12875519.54;432.5;398.456;358.7906667;428.64
13.12.2015;436.08;442.97;422.03;433.07;11725.67;5101509.33;435.07;405.674;362.1576667;435.2433333
14.12.2015;433.13;448.12;428.42;443.36;13386.74;5908604.6;441.38;413.804;365.689;436.3166667
15.12.2015;443.3;464.99;442.94;464.53;18096.39;8237602.55;455.21;421.559;370.0676667;443.8866667
16.12.2015;464.53;465;436.89;455.87;23377.12;10627485.43;454.61;427.819;374.4013333;450.4
17.12.2015;455.61;458.84;448.75;456.17;6598.64;3000514.42;454.72;434.037;378.3453333;454.8466667
18.12.2015;455.37;466.64;453.5;462.46;12914.74;5937708.34;459.76;440.142;382.5206667;456.3633333
19.12.2015;463.7;465.9;452.03;461.8;6839.18;3156242.38;461.49;444.816;386.8373333;458.6566667
20.12.2015;461.89;462;433.83;442.54;16626.49;7430072.73;446.88;447.978;391.103;456.0433333
21.12.2015;442.47;450;425.52;438.07;18930.86;8257540.79;436.19;447.781;394.812;448.1866667
22.12.2015;438.14;443.58;433.06;435.48;8146.02;3563201.25;437.42;448.273;398.6236667;440.1633333
23.12.2015;435.65;445.52;434.43;442.56;7100.23;3125137.43;440.15;448.781;402.5153333;437.92
24.12.2015;443.01;459.54;443.01;455;10138.32;4598655.92;453.59;450.002;406.941;443.72
25.12.2015;455.78;458.33;448;455.51;2877.17;1304947.59;453.55;449.836;411.274;449.0966667
26.12.2015;455.5;457.45;407.25;417.39;26672.12;11386692.92;426.91;447.066;413.8573333;444.6833333
27.12.2015;417.11;425.42;410.5;421.76;6968.57;2921475.22;419.24;443.518;415.8973333;433.2333333
28.12.2015;421.78;429.86;417.01;421.46;7560.56;3204101.79;423.79;439.921;418.2016667;423.3133333
29.12.2015;420.81;433.33;418.55;431.82;10419.59;4444308.02;426.53;436.425;420.2493333;423.1866667
30.12.2015;431.7;434.97;420.75;425.84;7717.51;3315825.43;429.65;434.702;422.0296667;426.6566667
31.12.2015;426.09;433.89;419.99;430.89;6634.86;2833319.7;427.04;433.787;424.1133333;427.74
01.01.2016;430.89;436;427.2;433.82;3788.11;1640577.93;433.09;433.354;426.6943333;429.9266667
02.01.2016;434.87;435.99;430.42;433.55;2972.06;1287773.39;433.29;432.668;429.041;431.14
03.01.2016;433.2;434.09;424.06;431.04;4571.1;1959152.6;428.6;430.169;431.325;431.66
04.01.2016;431.54;435.86;428.44;434.17;5717.6;2474772.5;432.83;428.097;433.164;431.5733333
05.01.2016;433.31;435.39;429.5;432.43;3881.72;1677111.44;432.05;428.611;434.4986667;431.16
06.01.2016;432.45;432.67;426.54;429.56;5507.61;2369036.46;430.14;429.701;435.752;431.6733333
07.01.2016;429.99;459.16;429.25;457;16833.42;7536413.29;447.71;432.093;437.3853333;436.6333333
08.01.2016;456.87;465;444.51;452.7;10258.99;4654977.99;453.75;434.815;438.6853333;443.8666667
09.01.2016;452.02;454;446.68;448.84;4396.05;1976929.79;449.71;436.821;439.8336667;450.39
10.01.2016;448.84;449.89;440.8;448.79;4078.61;1813405.06;444.61;438.578;440.0486667;449.3566667
11.01.2016;448.2;451.13;438;448;7986.46;3557149.61;445.4;439.809;440.4786667;446.5733333
12.01.2016;448;448;434.35;434.85;6930.9;3067862.76;442.64;440.744;440.731;444.2166667
13.01.2016;434.78;438.35;424.5;432.64;10067.02;4327468.86;429.87;440.871;440.3473333;439.3033333
14.01.2016;432.64;434;427;429.55;4420.91;1903623.77;430.6;440.648;439.527;434.37
15.01.2016;429.55;429.8;360;360;37326.7;14756284.24;395.33;436.976;437.551;418.6
16.01.2016;360.62;392.07;352;386.91;25019.25;9314016.2;372.27;431.189;434.8026667;399.4
17.01.2016;387.8;391.14;376;380.16;8416.94;3222126.45;382.81;424.699;432.2376667;383.47
18.01.2016;379.94;388.5;373.63;385.49;7015.53;2680282.37;382.05;417.529;429.5896667;379.0433333
19.01.2016;385.47;386.92;375.59;376.76;7223;2758289.78;381.88;410.746;427.423;382.2466667
20.01.2016;376.9;422.98;372.53;416.32;25172.92;10071637.71;400.1;406.295;426.22;388.01
21.01.2016;418.9;421.25;404.59;409.59;9414.56;3886595.68;412.83;403.038;425.4003333;398.27
22.01.2016;409.42;410.07;374.45;382.55;14744.76;5747610.6;389.81;397.755;423.7223333;400.9133333
23.01.2016;382.85;395;381.05;386.4;7664.89;2974351.32;388.05;393.573;421.5376667;396.8966667
24.01.2016;386.37;405.97;385.36;402.16;5448.85;2176476.21;399.44;390.457;419.734;392.4333333
25.01.2016;402.16;402.31;385.5;390.9;8040.83;3169083.78;394.12;390.336;418.641;393.87
26.01.2016;390.1;397.7;386.2;391.77;6589.15;2585992.59;392.46;392.355;417.7483333;395.34
27.01.2016;391.77;397;390.31;394.95;4262.63;1680905.77;394.34;393.508;416.7666667;393.64
28.01.2016;394.62;395.56;376;379.75;11414.05;4361450.24;382.11;393.514;415.286;389.6366667
29.01.2016;379.55;383.99;363.73;378.22;13544.15;5084544.75;375.41;392.867;413.478;383.9533333
30.01.2016;378.12;380.42;372.95;375.64;2587.11;975585.61;377.1;390.567;411.8133333;378.2066667
31.01.2016;376.38;379.3;364.7;368.49;4166.67;1559953.4;374.39;386.723;409.8566667;375.6333333
01.02.2016;368.49;378.2;366.53;371.81;7255.13;2703288;372.6;385.002;407.8336667;374.6966667
02.02.2016;371.79;375;369.73;373.05;5719.11;2133603.92;373.07;383.504;405.9826667;373.3533333
03.02.2016;373.05;374;365;368.38;7107.79;2631356.07;370.21;380.581;403.8953333;371.96
04.02.2016;368.4;391.88;367.95;387.82;13446.48;5138708.84;382.16;379.385;402.2323333;375.1466667
05.02.2016;388;389.5;382.99;385;7372.61;2854281.75;387.15;378.854;400.7993333;379.84
06.02.2016;384.97;384.98;371.35;375.39;5735.7;2159252.72;376.46;377.066;398.4243333;381.9233333
07.02.2016;375.39;380;373.04;375;2885.48;1084985.75;376.02;376.457;395.8333333;379.8766667
08.02.2016;375;378.99;369.99;370.91;6943.11;2599524.22;374.4;376.356;393.323;375.6266667
09.02.2016;370.95;377;369.12;373.2;5779.68;2157256.83;373.25;375.971;390.9443333;374.5566667
10.02.2016;373.69;383.85;372.12;379.66;10006.63;3792903.88;379.04;376.436;388.7323333;375.5633333
11.02.2016;379.34;380.5;373.54;377.98;7471.96;2820555.12;377.49;376.925;386.5606667;376.5933333
12.02.2016;377.98;383.48;377.07;383.27;5996.09;2285206.43;381.12;377.73;384.9356667;379.2166667
13.02.2016;383;390.99;382;390.99;7324.97;2836694.35;387.26;379.435;383.491;381.9566667
14.02.2016;390.99;406.71;390.59;405;9758.39;3887244.21;398.35;381.054;383.5916667;388.91
15.02.2016;405.5;409.71;393.4;399.28;7906.7;3178245.78;401.97;382.536;384.5816667;395.86
16.02.2016;399.5;407.8;396;407.51;8354.83;3372130.21;403.61;385.251;385.275;401.31
17.02.2016;407.51;421.11;404;415.54;11842.78;4915480.62;415.06;389.155;386.3753333;406.88
18.02.2016;415.59;424.9;413.4;421.18;8588.93;3610499.41;420.37;393.752;387.6583333;413.0133333
19.02.2016;421.15;422;414;419.54;5015.54;2101914.47;419.08;398.335;388.291;418.17
20.02.2016;419.98;443.96;419.5;434.63;11633.27;5037569.38;433.03;403.734;388.9643333;424.16
21.02.2016;434.63;447.99;426;438.5;10300.35;4513446.91;438.18;409.803;390.5766667;430.0966667
22.02.2016;438.33;439.5;431.15;438.27;5840.32;2550862.12;436.77;415.368;392.2006667;435.9933333
23.02.2016;438.26;440;414;419.1;10509.61;4460860.99;424.46;419.088;393.0346667;433.1366667
24.02.2016;419.1;424.28;409.07;423.78;7258.36;3044435.84;419.44;421.197;393.8786667;426.89
25.02.2016;423.79;426.75;415.79;423.51;5597.97;2361226.42;421.8;423.18;394.8566667;421.9
26.02.2016;423.38;432;418.01;432;4635.12;1965128.87;423.97;425.216;395.8443333;421.7366667
27.02.2016;432;435;428.22;431.07;4159.36;1794059.03;431.33;426.843;397.485;425.7
28.02.2016;431.07;435;422.29;431.68;3501.19;1503570.39;429.45;427.751;399.2863333;428.25
29.02.2016;430.26;440.99;428.12;435.23;8463.35;3688136.64;435.78;429.421;401.2423333;432.1866667
01.03.2016;436.75;437.5;427.01;432.5;6941.52;2999990.2;432.18;429.336;403.1686667;432.47
02.03.2016;433.33;434.5;421.31;423.45;5788.38;2484758.41;429.27;428.445;405.0576667;432.41
03.03.2016;422.4;424.47;415.85;420.29;7483.65;3144344.87;420.16;426.784;406.6273333;427.2033333
04.03.2016;420.29;423.9;406.02;408.01;7789;3242408.24;416.28;425.966;408.163;421.9033333
05.03.2016;408.18;408.98;382;399.83;16436.4;6542504.74;398.05;423.827;408.6926667;411.4966667
06.03.2016;399.77;412.31;393.11;406.23;5692.01;2305615.94;405.06;422.153;409.2896667;406.4633333
07.03.2016;406.15;414.96;403.03;414.01;5937.73;2435455.25;410.17;420.773;410.4133333;404.4266667
08.03.2016;413.96;414.99;408.46;411.75;5576.26;2294301.55;411.44;418.784;411.594;408.89
09.03.2016;412.14;413.51;408.75;413;4876.79;2006337.15;411.41;416.98;412.8276667;411.0066667
10.03.2016;412.99;416.9;409.31;416;5255.3;2172818.96;413.45;414.747;414.1676667;412.1
11.03.2016;416;421.91;415.11;419.13;5950.81;2495505.29;419.36;413.465;415.5116667;414.74
12.03.2016;419.14;420.93;406.59;410.9;4640.49;1916201.04;412.93;411.831;416.693;415.2466667
13.03.2016;409.95;417;409.67;413.04;3286.87;1357510.22;413.01;411.116;417.756;415.1
14.03.2016;412.99;415.22;410.5;414.99;4470.79;1848804.29;413.53;410.841;418.6316667;413.1566667
15.03.2016;414.83;417.43;412.15;415.85;4569.88;1898781.06;415.5;412.586;419.2033333;414.0133333
16.03.2016;415.84;416.82;413.15;416.57;4100.48;1702108.56;415.1;413.59;419.641;414.71
17.03.2016;416.52;419;415.66;418.49;3704.16;1548743.03;418.11;414.384;420.1243333;416.2366667
18.03.2016;418.47;418.49;403.34;407.91;6391.25;2620535.28;410.02;414.242;419.9563333;414.41
19.03.2016;407.5;409.95;404.1;409.04;2870.25;1167962.94;406.92;413.793;419.508;411.6833333
20.03.2016;408.36;412;406.6;411.28;2579;1057230.7;409.94;413.442;419.2033333;408.96
21.03.2016;410.62;411.96;406.5;411.67;3546.28;1451351.16;409.26;412.432;418.411;408.7066667
22.03.2016;411.15;416.99;410.35;416.64;3950.16;1638956.4;414.91;412.63;417.6353333;411.37
23.03.2016;416.39;419;413.44;417.62;4946.4;2059556.01;416.38;412.967;416.9556667;413.5166667
24.03.2016;417.62;418.15;412.85;415.17;2776.61;1155165.75;416.03;413.217;416.6746667;415.7733333
25.03.2016;415.17;416.92;412;415.7;2588.78;1074765.82;415.16;413.183;416.532;415.8566667
26.03.2016;415.6;416.99;414;416.96;1253.01;521077.51;415.86;413.259;416.334;415.6833333
27.03.2016;416.96;427.99;415.77;424.77;5038.88;2135073.92;423.72;413.82;416.3256667;418.2466667
28.03.2016;424.62;424.77;420.32;422.87;3283.79;1388121.95;422.72;415.09;416.0386667;420.7666667
29.03.2016;422.87;424.37;407.22;415.95;5955;2473866.21;415.43;415.941;415.5713333;420.6233333
30.03.2016;415.43;415.93;408.59;413.74;4824.85;1990559.5;412.56;416.203;414.7973333;416.9033333
31.03.2016;413.68;416.99;411.4;414.66;3774.42;1566080.97;414.92;416.769;414.222;414.3033333
01.04.2016;414.66;416.99;413.42;416.31;3736.77;1552890.07;415.57;416.835;413.7653333;414.35
02.04.2016;416.31;420;416.01;419;2072.95;867252.47;418.37;417.034;413.7056667;416.2866667
03.04.2016;419.35;419.48;416.1;419.11;1337.67;558989.71;417.88;417.219;413.759;417.2733333
04.04.2016;418.51;419.85;416;418.75;3457.56;1445848.18;418.17;417.52;414.4296667;418.14
05.04.2016;418.81;423;416.61;422.71;3956.56;1665558.65;420.96;418.03;414.9596667;419.0033333
06.04.2016;422.71;422.9;420;421.03;2396.35;1010238.99;421.57;417.815;415.3396667;420.2333333
07.04.2016;420.62;421.99;418.09;420;3216.81;1352741.71;420.52;417.595;415.6423333;421.0166667
08.04.2016;419.99;423.99;416.26;417.75;4584.13;1928359.91;420.66;418.118;415.9506667;420.9166667
09.04.2016;417.75;418.71;412;418.24;3599.4;1497170.37;415.95;418.457;416.034;419.0433333
10.04.2016;418.59;421.79;417.2;420.04;1779.83;746886.33;419.64;418.929;416.0433333;418.75
11.04.2016;420.4;422.8;418;422.69;3487.83;1467164.56;420.65;419.437;416.3006667;418.7466667
12.04.2016;422.79;426.67;421;425.54;6082.73;2581942.43;424.47;420.047;416.6826667;421.5866667
13.04.2016;425.32;426;422.27;423.93;3917.08;1661013.31;424.04;420.663;417.033;423.0533333
14.04.2016;423.6;425.35;420.57;424.86;3863.8;1637346.08;423.77;421.223;417.3086667;424.0933333
15.04.2016;424.4;430;423.07;429.45;4406.24;1883221.87;427.4;421.867;417.7186667;425.07
16.04.2016;429.29;432.87;381.47;430.69;1848.39;794725.23;429.95;422.705;418.1133333;427.04
17.04.2016;430.18;430.91;377.87;427.42;1502.86;642520.65;427.53;423.406;418.697;428.2933333
18.04.2016;427.15;430.01;425.8;428.14;3180.43;1359481.31;427.45;424.085;419.3813333;428.31
19.04.2016;428.14;436.82;426.24;435.63;3798.24;1634274.11;430.27;425.517;420.059;428.4166667
20.04.2016;435.7;444;433.11;442.13;7602.65;3334632.03;438.61;427.414;421.0373333;432.11
21.04.2016;441.99;452.11;440;451;5421.16;2417983.8;446.03;429.952;422.0746667;438.3033333
22.04.2016;451;451.36;442.96;447.7;5494.44;2458441.08;447.44;432.249;423.11;444.0266667
23.04.2016;447.16;452.19;444.46;451.92;2250.04;1008095.22;448.04;434.649;424.177;447.17
24.04.2016;451.92;470.02;447.06;460.02;7103.31;3252973.56;457.95;438.067;425.6033333;451.1433333
25.04.2016;460.03;469.47;455.13;462.33;5607.19;2589826.88;461.88;441.515;427.1373333;455.9566667
26.04.2016;462.29;469.87;462.13;467.42;4629.19;2154820.59;465.49;445.069;428.5296667;461.7733333
27.04.2016;467.39;469.03;443.2;445.38;7084.24;3233410.84;456.42;447.958;429.653;461.2633333
28.04.2016;445.39;451;435;449.14;8736.26;3884773.45;444.67;449.68;430.6276667;455.5266667
29.04.2016;449.94;456.53;445.62;456.53;2982.54;1347430.83;451.77;451.83;431.9346667;450.9533333
30.04.2016;456.53;456.9;446.5;448.37;2419.58;1091522.44;451.12;453.081;433.1413333;449.1866667
01.05.2016;448.43;453.78;446.84;453;1190.7;537276.06;451.23;453.601;434.33;451.3733333
02.05.2016;452.99;453.8;438.59;444.06;6362.93;2824163.35;443.85;453.242;435.1793333;448.7333333
03.05.2016;444.06;452;440.78;450.61;5576.91;2496652.81;447.68;453.206;436.1726667;447.5866667
04.05.2016;451.18;451.68;444.15;446.63;3327.61;1488189.72;447.23;452.134;437.1413333;446.2533333
05.05.2016;447.36;449;445.11;446;892.44;399195.45;447.31;450.677;438.0196667;447.4066667
